,City,Cloudiness,Country,Date,Humidity,Lat,Lng,Max Temp,Wind Speed
0,Boat of Garten,29,GB,1563658668,77,57.25,-3.76,60.8,11.41
1,Jamestown,2,AU,1563658547,97,-33.21,138.6,44.98,7.0
2,Santa Ana,41,MX,1563658654,32,30.54,-111.12,100.99,1.01
3,Itarema,80,BR,1563658672,78,-2.92,-39.92,76.66,10.02
4,Castro,90,CL,1563658458,100,-42.48,-73.76,41.0,6.93
5,Yellowknife,75,CA,1563658674,49,62.45,-114.38,69.8,9.17
6,Bluff,20,AU,1563658648,83,-23.58,149.07,54.34,9.57
7,Constitucion,75,MX,1563658664,31,23.99,-104.67,80.01,4.7
8,Rikitea,65,PF,1563658556,47,-23.12,-134.97,67.12,6.85
9,Mataura,82,NZ,1563658454,98,-46.19,168.86,46.99,2.19
10,Punta Arenas,75,CL,1563658590,74,-53.16,-70.91,37.4,12.75
11,Sinnamary,94,GF,1563658681,76,5.38,-52.96,82.24,15.21
12,Upernavik,100,GL,1563658682,93,72.79,-56.15,43.54,12.35
13,Busselton,100,AU,1563658661,63,-33.64,115.35,57.99,27.63
14,Doha,0,QA,1563658392,84,25.29,51.53,89.6,5.82
15,Port Hardy,40,CA,1563658606,87,50.7,-127.42,57.2,5.82
16,Alice Springs,40,AU,1563658686,24,-23.7,133.88,57.2,8.05
17,Avarua,7,CK,1563658363,64,-21.21,-159.78,73.4,11.41
18,Vaini,100,IN,1563658455,91,15.34,74.49,77.56,7.2
19,Qaanaaq,97,GL,1563658690,81,77.48,-69.36,41.92,2.51
20,Pontianak,31,ID,1563658691,79,-0.02,109.34,81.7,9.53
21,Hobart,40,AU,1563658605,62,-42.88,147.33,51.8,12.75
22,New Norfolk,40,AU,1563658618,62,-42.78,147.06,51.8,12.75
23,Kintampo,100,GH,1563658694,92,8.05,-1.73,73.06,7.65
24,Kapaa,90,US,1563658559,66,22.08,-159.32,86.0,12.75
25,Hithadhoo,91,MV,1563658672,78,-0.6,73.08,82.78,13.76
26,Gat,55,SN,1563658698,62,14.69,-16.54,87.8,4.7
27,Monrovia,75,LR,1563658699,94,6.33,-10.8,77.0,9.22
28,Acapulco,75,MX,1563658700,66,16.86,-99.88,87.8,11.41
29,Victoria,75,BN,1563658588,94,5.28,115.24,82.0,8.57
30,Cherskiy,98,RU,1563658702,62,68.75,161.3,44.98,7.11
31,Biltine,100,TD,1563658704,45,14.53,20.93,88.72,17.81
32,Mehamn,0,NO,1563658705,77,71.03,27.85,53.44,2.71
33,Codrington,90,AU,1563658697,93,-28.95,153.24,55.99,6.93
34,Ponta do Sol,61,BR,1563658598,64,-20.63,-46.0,60.28,5.23
35,Namibe,96,AO,1563658708,87,-15.19,12.15,69.46,5.06
36,Bambous Virieux,75,MU,1563658626,88,-20.34,57.76,71.01,3.36
37,Port Elizabeth,1,US,1563658710,53,39.31,-74.98,99.0,9.17
38,Atuona,0,PF,1563658462,78,-9.8,-139.03,79.72,12.15
39,Airai,0,TL,1563658713,63,-8.93,125.41,65.68,3.87
40,Vardo,1,US,1563658714,56,39.62,-77.74,98.6,9.17
41,Salumbar,2,IN,1563658715,53,24.14,74.05,89.8,3.8
42,Barrow,100,AR,1563658650,84,-38.31,-60.23,57.22,12.26
43,Clyde River,90,CA,1563658717,100,70.47,-68.59,39.2,10.29
44,Hilo,40,US,1563658209,58,19.71,-155.08,84.2,12.75
45,Ushuaia,0,AR,1563658454,64,-54.81,-68.31,35.6,11.41
46,Garowe,100,SO,1563658606,48,8.41,48.48,82.06,24.36
47,Mogadishu,41,SO,1563658705,82,2.04,45.34,75.04,12.06
48,Capitan Bado,52,PY,1563658723,63,-23.27,-55.53,75.04,4.7
49,Port Hedland,14,AU,1563658724,58,-20.31,118.58,59.0,8.05
50,Ayagoz,0,KZ,1563658725,74,47.96,80.43,61.72,10.07
51,Cayenne,0,GF,1563658726,78,4.94,-52.33,82.4,4.7
52,Saint Anthony,1,US,1563658728,21,43.97,-111.68,80.6,9.17
53,Husavik,31,CA,1563658729,76,50.56,-96.99,72.0,5.01
54,Kavieng,100,PG,1563658552,75,-2.57,150.8,83.86,17.31
55,Lagoa,0,PT,1563658731,42,37.14,-8.45,86.0,13.87
56,Bella Union,0,CO,1563658732,49,8.5,-73.35,85.48,3.67
57,Cabo San Lucas,40,MX,1563658609,54,22.89,-109.91,87.01,18.34
58,Aripuana,89,BR,1563658549,42,-9.17,-60.63,89.44,1.59
59,Valentin Gomez Farias,75,MX,1563658736,31,24.05,-104.7,80.01,4.7
60,Hamilton,75,CA,1563658737,59,43.26,-79.87,95.0,9.17
61,Bongandanga,88,CD,1563658738,94,1.51,21.07,71.08,1.81
62,Srandakan,100,ID,1563658739,88,-7.94,110.25,75.76,13.51
63,Pacific Grove,1,US,1563658741,52,36.62,-121.92,84.99,13.87
64,Nabire,100,ID,1563658742,99,-3.36,135.5,69.1,3.22
65,Garissa,0,KE,1563658743,68,-0.46,39.64,73.6,15.84
66,Pacifica,90,US,1563658744,77,37.61,-122.49,75.99,8.05
67,Xichang,100,CN,1563658746,98,27.88,102.25,58.66,1.88
68,Petropavlovsk-Kamchatskiy,40,RU,1563658747,72,53.05,158.65,66.2,6.71
69,Henties Bay,0,NA,1563658748,87,-22.12,14.28,55.99,8.25
70,Ambulu,97,ID,1563658749,89,-8.35,113.61,74.68,6.33
71,Tuktoyaktuk,75,CA,1563658462,72,69.44,-133.03,62.6,10.29
72,East London,7,ZA,1563658682,85,-33.02,27.91,43.18,8.1
73,Strezhevoy,75,RU,1563658753,60,60.73,77.6,68.0,8.95
74,Mahebourg,75,MU,1563658754,88,-20.41,57.7,71.01,3.36
75,Sergeyevka,16,KZ,1563658755,70,53.88,67.42,67.84,5.14
76,Vila Velha,75,BR,1563658756,74,-3.71,-38.6,86.0,12.75
77,Margate,40,AU,1563658757,62,-43.03,147.26,51.8,12.75
78,Champerico,40,MX,1563658759,49,16.38,-93.6,89.6,5.82
79,Thinadhoo,98,MV,1563658460,76,0.53,72.93,83.14,12.71
80,Jhanjharpur,0,IN,1563658761,82,26.21,86.23,82.06,7.85
81,Hibbing,20,US,1563658496,39,47.43,-92.94,79.0,10.29
82,Alice Town,31,BS,1563658763,71,25.72,-79.3,84.58,10.92
83,Cheremisinovo,1,RU,1563658764,88,51.89,37.26,59.92,6.91
84,Ancud,90,CL,1563658748,100,-41.87,-73.83,41.0,6.93
85,Hailar,28,CN,1563658767,97,49.2,119.7,59.92,10.22
86,Kaitangata,100,NZ,1563658653,91,-46.28,169.85,50.0,10.0
87,Christchurch,97,NZ,1563658769,100,-43.53,172.64,52.0,20.8
88,Esperance,90,AU,1563658737,87,-33.86,121.89,53.6,14.99
89,Umm Lajj,0,SA,1563658771,72,25.02,37.27,86.56,6.89
90,Iqaluit,90,CA,1563658772,87,63.75,-68.52,42.8,17.22
91,Lebu,40,ET,1563658459,87,8.96,38.73,55.4,4.7
92,Nikolskoye,100,RU,1563658551,82,59.7,30.79,63.0,2.24
93,Wonthaggi,34,AU,1563658776,57,-38.6,145.59,57.99,14.0
94,Butaritari,33,KI,1563658558,68,3.07,172.79,84.4,5.99
95,Agadez,100,NE,1563658778,32,16.97,7.99,90.16,15.12
96,Urrao,40,CO,1563658779,37,6.32,-76.13,84.2,11.41
97,Salima,15,MW,1563658780,64,-13.78,34.45,57.94,3.67
98,Jiazi,40,CN,1563658782,100,19.61,110.49,78.8,2.24
99,Dikson,67,RU,1563658783,99,73.51,80.55,44.62,17.52
100,Tiksi,5,RU,1563658400,75,71.64,128.87,44.26,10.18
101,Duminichi,0,RU,1563658788,85,53.93,35.11,54.52,5.84
102,Noumea,90,NC,1563658789,77,-22.28,166.46,62.6,2.24
103,Saint George,0,GR,1563658340,49,39.45,22.34,73.4,2.21
104,Esqueda,25,MX,1563658792,23,30.72,-109.59,87.64,4.9
105,Samarai,96,PG,1563658793,90,-10.62,150.67,70.72,2.13
106,Severo-Kurilsk,33,RU,1563658739,96,50.68,156.12,45.52,12.12
107,Celestun,0,MX,1563658795,81,20.87,-90.4,82.42,16.4
108,Pisco,0,PE,1563658749,30,-13.71,-76.2,71.6,9.17
109,Salto,0,BR,1563658796,40,-23.2,-47.29,71.01,5.82
110,Saint-Philippe,1,CA,1563658581,62,45.36,-73.48,91.0,11.41
111,Thompson,40,CA,1563658582,34,55.74,-97.86,68.0,10.29
112,Sur,4,OM,1563658800,81,22.57,59.53,76.66,14.03
113,Grand Gaube,75,MU,1563658802,88,-20.01,57.66,71.01,3.36
114,Alta Floresta,0,BR,1563658803,35,-9.87,-56.08,87.8,5.82
115,Chuy,4,UY,1563658554,91,-33.69,-53.46,61.0,6.62
116,Ingham,2,AU,1563658805,97,-18.65,146.16,53.44,2.19
117,Roebourne,45,AU,1563658807,35,-20.77,117.15,62.8,14.92
118,Cape Town,0,ZA,1563658447,81,-33.93,18.42,50.0,5.82
119,Sitka,0,US,1563658809,29,37.17,-99.65,102.99,21.0
120,Pangnirtung,79,CA,1563658560,59,66.15,-65.72,57.04,6.58
121,Porosozero,67,RU,1563658811,90,62.72,32.71,50.2,3.04
122,Freeport,75,BS,1563658812,62,26.54,-78.7,89.6,10.29
123,Kaeo,86,NZ,1563658814,96,-35.1,173.78,48.99,1.99
124,Kabanjahe,100,ID,1563658815,98,3.1,98.49,69.64,1.32
125,Leningradskiy,100,RU,1563658756,88,69.38,178.42,36.52,10.13
126,Kamaishi,93,JP,1563658817,98,39.28,141.86,63.88,2.42
127,Arman,95,RU,1563658818,85,59.7,150.17,49.3,5.79
128,Portland,1,US,1563658274,58,43.66,-70.25,93.99,10.29
129,Quatre Cocos,75,MU,1563658820,88,-20.21,57.76,71.01,3.36
130,Tasiilaq,40,GL,1563658454,75,65.61,-37.64,46.4,3.36
131,Cairns,40,AU,1563658573,72,-16.92,145.77,66.2,11.41
132,Schenectady,40,US,1563658824,84,42.81,-73.94,95.0,4.7
133,Klaksvik,100,FO,1563658559,100,62.23,-6.59,51.8,9.17
134,Karasjok,12,NO,1563658826,67,69.47,25.52,59.0,12.75
135,Puerto Leguizamo,83,CO,1563658827,96,-0.19,-74.78,72.88,4.03
136,Toora-Khem,39,RU,1563658829,96,52.47,96.11,46.78,2.1
137,Casa Nova,0,BR,1563658830,44,-16.03,-44.16,67.84,4.65
138,Albany,40,US,1563658594,55,42.65,-73.75,95.0,8.05
139,Chimore,100,BO,1563658832,79,-16.98,-65.13,73.6,3.78
140,Rio Grande,0,BR,1563658780,88,-32.03,-52.1,64.99,4.7
141,Mar del Plata,26,AR,1563658554,48,-46.43,-67.52,41.38,9.35
142,Bredasdorp,79,ZA,1563658604,86,-34.53,20.04,46.0,9.17
143,Haimen,4,CN,1563658837,87,31.87,121.18,84.0,4.79
144,Bangkalan,100,ID,1563658838,82,-7.05,112.74,75.22,4.12
145,Miri,0,NG,1563658839,74,10.31,9.75,71.98,3.65
146,Caravelas,37,BR,1563658840,76,-17.73,-39.27,71.62,13.58
147,Mount Gambier,40,AU,1563658842,87,-37.83,140.78,48.2,6.93
148,Georgetown,40,GY,1563658399,78,6.8,-58.16,82.4,9.17
149,Belaya Gora,67,RU,1563658765,60,68.54,146.19,51.64,18.99
150,Carnarvon,27,ZA,1563658459,61,-30.97,22.13,36.16,12.73
151,Iberia,78,PE,1563658846,42,-11.41,-69.49,88.72,2.33
152,Atar,97,MR,1563658847,21,20.52,-13.05,98.8,3.91
153,Kodiak,1,US,1563658670,53,39.95,-94.76,98.01,11.41
154,Meulaboh,100,ID,1563658559,79,4.14,96.13,79.72,3.06
155,Luderitz,0,NA,1563658781,72,-26.65,15.16,57.22,11.92
156,Torbay,75,CA,1563658852,81,47.66,-52.73,55.0,12.75
157,Port Lincoln,0,AU,1563658680,67,-34.72,135.86,57.04,24.07
158,Shakawe,0,BW,1563658855,17,-18.36,21.84,54.88,4.09
159,Hokitika,100,NZ,1563658794,71,-42.72,170.96,50.02,4.61
160,Mount Isa,33,AU,1563658796,59,-20.73,139.49,35.6,7.2
161,Superior,90,US,1563658858,53,39.95,-105.17,82.4,11.41
162,Pagudpud,75,PH,1563658859,94,18.56,120.79,78.8,3.36
163,Teguise,40,ES,1563658860,73,29.06,-13.56,73.4,14.99
164,San Juan de Abajo,90,MX,1563658862,66,20.82,-105.19,86.0,6.93
165,Isangel,0,VU,1563658805,72,-19.55,169.27,70.54,22.53
166,San Ramon,75,NI,1563658864,69,12.92,-85.84,77.0,9.17
167,Hermanus,100,ZA,1563658455,83,-34.42,19.24,46.0,7.0
168,Jalu,0,LY,1563658866,39,29.03,21.55,82.78,20.2
169,Bagdarin,100,RU,1563658867,96,54.44,113.59,51.28,3.78
170,Harrisonburg,1,US,1563658686,52,38.45,-78.87,98.6,10.29
171,Saskylakh,11,RU,1563658587,56,71.97,114.09,61.54,6.26
172,Sao Jose da Coroa Grande,68,BR,1563658871,94,-8.9,-35.15,70.36,6.49
173,Kailua,90,US,1563658826,88,21.39,-157.74,87.8,12.75
174,Vytegra,96,RU,1563658873,84,61.01,36.45,61.18,10.83
175,Xining,100,CN,1563658874,86,36.62,101.77,50.92,3.4
176,Sulangan,96,PH,1563658875,77,11.14,123.72,82.24,3.4
177,Kainantu,81,PG,1563658877,97,-6.29,145.87,56.86,1.57
178,Musoma,40,TZ,1563658878,78,-1.5,33.81,71.6,7.43
179,Ribeira Grande,40,PT,1563658560,83,38.52,-28.7,75.2,8.05
180,Taitung,100,TW,1563658880,94,22.76,121.15,62.44,5.19
181,Canavieiras,53,BR,1563658828,84,-15.68,-38.95,69.82,6.89
182,Ajdabiya,0,LY,1563658882,70,30.75,20.22,77.2,20.49
183,Whithorn,40,JM,1563658883,59,18.26,-78.04,89.6,19.46
184,Aanekoski,0,FI,1563658885,76,62.6,25.73,59.0,2.24
185,Plettenberg Bay,11,ZA,1563658886,80,-34.05,23.37,43.0,5.17
186,Fare,9,PF,1563658887,77,-16.7,-151.02,76.12,16.02
187,Paamiut,0,GL,1563658888,93,61.99,-49.67,42.64,15.68
188,Vostok,79,RU,1563658890,86,46.45,135.83,68.56,3.42
189,Buncrana,40,GB,1563658891,87,55.14,-7.45,59.0,3.36
190,Zyryanka,100,RU,1563658813,52,65.73,150.89,51.82,8.75
191,Balabac,99,PH,1563658893,83,7.99,117.06,80.8,7.34
192,Batagay-Alyta,93,RU,1563658894,46,67.8,130.41,53.62,5.08
193,Kamenka,34,MD,1563658646,81,48.03,28.7,64.0,1.5
194,Richards Bay,100,ZA,1563658897,71,-28.77,32.06,62.26,40.2
195,Lebedyan,0,RU,1563658898,77,53.01,39.13,59.0,8.95
196,Puerto Ayora,20,EC,1563658565,54,-0.74,-90.35,82.4,18.34
197,Faya,20,SA,1563658817,19,18.39,42.45,77.0,3.36
198,Adrar,72,DZ,1563658901,12,27.87,-0.29,104.0,20.8
199,Itu,0,BR,1563658902,40,-23.26,-47.3,70.0,5.82
200,Bandarbeyla,100,SO,1563658896,65,9.49,50.81,77.2,28.03
201,Nyurba,0,RU,1563658905,72,63.29,118.35,52.18,2.33
202,Praya,75,ID,1563658906,94,-8.71,116.27,71.6,1.12
203,Dingle,36,PH,1563658814,89,11.0,122.67,74.5,2.1
204,Pochutla,20,MX,1563658908,55,15.74,-96.47,91.0,11.41
205,Geraldton,75,CA,1563658565,56,49.72,-86.95,69.8,4.7
206,Hanstholm,91,DK,1563658910,21,57.12,8.61,63.0,14.9
207,Orcopampa,74,PE,1563658912,50,-15.27,-72.34,40.48,8.59
208,Chute-aux-Outardes,90,CA,1563658913,72,49.12,-68.38,78.8,12.75
209,Tashla,0,RU,1563658914,72,53.71,49.75,62.6,2.24
210,Pevek,91,RU,1563658915,94,69.7,170.27,32.38,4.05
211,Sola,100,TZ,1563658665,47,-3.17,33.8,74.32,3.96
212,Charters Towers,0,AU,1563658918,92,-20.07,146.27,50.02,2.93
213,Salalah,75,OM,1563658666,88,17.01,54.1,80.6,4.7
214,Okhotsk,0,RU,1563658920,55,59.36,143.24,56.68,20.51
215,Novikovo,0,RU,1563658921,86,51.15,37.89,60.82,7.2
216,Hami,100,CN,1563658922,39,42.84,93.51,77.38,5.64
217,Talnakh,0,RU,1563658853,58,69.49,88.39,57.2,8.95
218,Port Alfred,31,ZA,1563658599,86,-33.59,26.89,46.99,5.01
219,Arraial do Cabo,40,BR,1563658704,77,-22.97,-42.02,68.0,16.11
220,Bethel,90,US,1563658612,87,60.79,-161.76,53.6,10.29
221,San Luis,100,AR,1563658928,62,-33.3,-66.34,64.78,19.26
222,Raver,94,IN,1563658929,68,21.25,76.04,82.42,1.39
223,Lagos,40,NG,1563658930,94,6.46,3.39,77.0,5.82
224,Hasaki,75,JP,1563658763,100,35.73,140.83,73.4,5.82
225,Lata,1,IN,1563658933,90,30.78,78.62,41.2,1.1
226,Bo Phloi,100,TH,1563658934,77,14.32,99.52,78.46,3.4
227,La Ronge,40,CA,1563658935,49,55.1,-105.3,68.0,8.05
228,Raudeberg,100,NO,1563658937,93,61.99,5.14,59.0,10.29
229,Pachora,100,IN,1563658938,81,20.66,75.35,79.9,7.11
230,Stokmarknes,4,NO,1563658939,81,68.56,14.91,61.0,5.41
231,Sabang,100,PH,1563658940,91,13.8,121.11,80.01,1.01
232,Nueve de Julio,4,AR,1563658702,26,-31.67,-68.39,66.04,8.86
233,Marzuq,39,YE,1563658942,21,14.4,46.47,78.82,5.61
234,Avera,1,US,1563658783,52,33.19,-82.53,95.0,8.05
235,Hurricane,1,US,1563658945,9,37.18,-113.29,100.99,8.05
236,Los Llanos de Aridane,90,ES,1563658460,83,28.66,-17.92,73.4,17.22
237,Basak,75,PH,1563658947,78,10.29,123.96,82.4,1.12
238,Khatanga,0,RU,1563658712,58,71.98,102.47,65.68,9.42
239,Snezhnogorsk,0,RU,1563658949,93,69.19,33.23,51.8,2.24
240,Monroe,40,US,1563658931,52,41.91,-83.4,96.8,8.05
241,Tommot,0,RU,1563658951,71,58.97,126.27,46.6,6.76
242,Eydhafushi,100,MV,1563658953,78,5.1,73.07,82.78,18.86
243,Vaitape,12,PF,1563658954,73,-16.52,-151.75,77.38,13.15
244,Fortuna,20,US,1563658614,68,40.6,-124.16,64.99,16.11
245,Xuddur,20,SO,1563658956,66,4.12,43.89,74.68,15.82
246,Marystown,0,CA,1563658957,65,47.17,-55.16,63.52,7.11
247,Kanniyakumari,100,IN,1563658959,84,8.08,77.57,80.08,27.83
248,Coihaique,20,CL,1563658707,98,-45.58,-72.07,35.6,1.86
249,Mweka,2,CD,1563658961,33,-4.85,21.56,68.92,0.87
250,Benito Juarez,75,CU,1563658962,83,22.29,-79.63,75.2,12.75
251,Seoul,90,KR,1563658839,100,37.57,126.98,75.2,9.04
252,Banikoara,67,BJ,1563658964,74,11.3,2.44,76.84,3.65
253,Umm Kaddadah,100,SD,1563658966,77,13.6,26.69,73.42,6.11
254,Vila do Maio,20,CV,1563658967,64,15.13,-23.22,75.2,13.87
255,Rodrigues Alves,75,BR,1563658968,83,-7.74,-72.65,80.6,2.24
256,Bulungu,95,CD,1563658969,36,-4.54,18.6,82.96,1.03
257,Sault Sainte Marie,90,CA,1563658970,83,46.49,-84.36,69.8,8.88
258,Bikaner,1,IN,1563658972,41,28.02,73.32,95.56,4.27
259,Jatai,72,IN,1563658973,55,28.97,76.18,90.88,6.93
260,Ahipara,33,NZ,1563658974,100,-35.17,173.16,48.0,11.79
261,Grindavik,40,IS,1563658843,67,63.84,-22.43,64.99,6.93
262,Victoria,75,BN,1563658976,94,5.28,115.24,80.6,8.57
263,Saint-Georges,27,CA,1563658978,56,46.12,-70.67,88.0,4.0
264,Laguna,75,BZ,1563658979,79,16.17,-88.94,84.2,6.93
265,Harper,1,US,1563658980,32,30.3,-99.24,97.0,16.11
266,Tungor,100,RU,1563658981,99,53.39,142.95,58.12,2.8
267,Mattru,99,SL,1563658982,95,7.62,-11.83,74.32,1.12
268,Mouzouras,20,GR,1563658984,83,35.53,24.15,80.01,4.7
269,Epe,40,DE,1563658985,93,52.18,7.04,66.99,4.7
270,Cidreira,0,BR,1563658840,78,-30.17,-50.22,61.72,7.7
271,Kaa-Khem,39,RU,1563658987,87,51.7,94.56,50.02,4.05
272,Pyaozerskiy,71,RU,1563658988,75,65.83,31.17,53.8,2.84
273,Beloha,0,MG,1563658990,64,-25.17,45.06,64.96,12.24
274,Vagur,32,FO,1563658991,91,61.47,-6.81,53.08,5.21
275,Asini,0,GR,1563658992,46,37.54,22.86,73.0,3.0
276,Siocon,62,PH,1563658993,83,11.03,124.04,77.74,2.15
277,Bilma,100,NE,1563658902,31,18.69,12.92,93.94,11.56
278,Fort Payne,1,US,1563658941,66,34.44,-85.72,87.8,6.93
279,Trairi,49,BR,1563658997,93,-3.28,-39.27,71.8,5.55
280,Yekaterinovka,0,RU,1563658998,61,46.69,38.75,75.22,12.59
281,Yulara,0,AU,1563658806,74,-25.24,130.99,44.6,4.7
282,Grand-Santi,34,GF,1563659000,95,4.27,-54.38,77.38,3.27
283,Ende,43,ID,1563659001,81,-8.84,121.65,74.5,5.17
284,Tuatapere,100,NZ,1563658578,98,-46.13,167.69,46.99,8.01
285,Heilbad Heiligenstadt,75,DE,1563659004,93,51.38,10.14,64.99,4.7
286,Pervomaysk,13,RU,1563659005,98,54.87,43.81,57.4,6.67
287,Ust-Barguzin,100,RU,1563659006,97,53.41,109.03,52.54,2.91
288,Aleksandrovka,0,RU,1563659007,47,47.64,38.79,67.66,3.56
289,Lakes Entrance,0,AU,1563659009,58,-37.88,147.99,55.99,12.93
290,Ilulissat,75,GL,1563658683,81,69.22,-51.1,50.0,4.7
291,Yaypan,0,UZ,1563659011,19,40.38,70.82,84.76,4.76
292,Souillac,0,FR,1563658693,83,45.6,-0.6,73.99,6.93
293,Terra Santa,20,BR,1563659013,51,-2.1,-56.49,86.2,5.1
294,Chokurdakh,100,RU,1563658822,79,70.62,147.9,41.56,15.55
295,Beaverlodge,20,CA,1563659015,56,55.21,-119.43,69.8,4.7
296,Bambari,21,CF,1563659016,97,5.77,20.68,68.56,0.6
297,Alofi,20,NU,1563658994,78,-19.06,-169.92,80.6,12.75
298,Haines Junction,80,CA,1563659019,50,60.75,-137.51,63.52,5.21
299,Sao Joao del Rei,75,BR,1563659020,67,-21.14,-44.26,59.0,6.93
300,Inuvik,40,CA,1563659021,53,68.36,-133.71,71.6,12.75
301,Lavrentiya,100,RU,1563659022,94,65.58,-170.99,42.82,4.54
302,Nanortalik,100,GL,1563658627,94,60.14,-45.24,42.46,4.94
303,Mastic Beach,20,US,1563659025,62,40.77,-72.85,96.01,9.17
304,Ust-Kuyga,100,RU,1563659026,62,70.0,135.55,54.52,3.78
305,Poirino,0,IT,1563659027,73,44.92,7.85,78.01,3.36
306,Tromso,0,NO,1563658785,71,69.65,18.96,61.0,3.36
307,Savannakhet,100,TH,1563659029,92,16.57,104.76,75.76,7.23
308,Kitgum,95,UG,1563659031,86,3.3,32.88,66.94,1.19
309,Maniitsoq,21,GL,1563659032,80,65.42,-52.9,48.94,11.92
310,Aklavik,75,CA,1563658750,56,68.22,-135.01,71.6,6.93
311,Myitkyina,100,MM,1563659034,96,25.38,97.4,71.62,2.21
312,Karratha,75,AU,1563658858,39,-20.74,116.85,61.72,10.33
313,Vigia,75,PT,1563659036,93,40.51,-8.69,66.99,9.17
314,Erzin,0,TR,1563659037,88,36.95,36.2,81.0,3.91
315,Puerto Suarez,75,BO,1563659039,58,-18.96,-57.8,84.2,6.93
316,Provideniya,100,RU,1563658562,88,64.42,-173.23,51.82,4.63
317,Diapaga,64,BF,1563659041,78,12.07,1.79,76.48,1.32
318,Banon,62,BF,1563659042,65,11.19,-1.09,79.9,2.73
319,Sao Filipe,46,CV,1563658881,81,14.9,-24.5,72.88,18.52
320,Fairview,20,CA,1563659044,56,56.07,-118.38,73.4,8.05
321,Muskegon,90,US,1563659046,88,43.23,-86.25,75.0,10.29
322,Hambantota,100,LK,1563659019,78,6.12,81.12,81.52,22.73
323,Lambarene,45,GA,1563659048,92,-0.7,10.22,72.52,4.34
324,Havelock,20,US,1563658892,55,34.88,-76.9,97.0,17.22
325,Kruisfontein,36,ZA,1563658819,84,-34.0,24.73,42.82,4.74
326,Lerwick,98,GB,1563659051,100,60.15,-1.15,55.4,17.22
327,Ostrovnoy,0,RU,1563658792,85,68.05,39.51,40.12,0.63
328,Fairbanks,90,US,1563658946,63,64.84,-147.72,68.0,9.17
329,Katsuura,75,JP,1563658611,94,33.93,134.5,79.0,25.28
330,Kuala Selangor,75,MY,1563659056,88,3.34,101.25,78.8,3.76
331,Wagar,94,US,1563659057,78,31.44,-87.99,84.0,1.01
332,Baykit,44,RU,1563659058,67,61.68,96.39,49.66,9.28
333,Hidalgotitlan,40,MX,1563659059,66,17.78,-94.63,86.0,11.41
334,Lasa,20,CY,1563659061,83,34.92,32.53,77.0,6.93
335,Kant,0,KG,1563659062,44,42.89,74.85,77.0,11.18
336,Genhe,77,CN,1563659063,99,50.78,121.52,60.1,3.22
337,Srednekolymsk,100,RU,1563658865,52,67.46,153.71,51.64,11.45
338,Montepuez,0,MZ,1563659065,52,-13.13,39.0,65.86,3.09
339,Soeng Sang,100,TH,1563659066,90,14.43,102.46,74.68,7.14
340,Lisakovsk,42,KZ,1563659068,44,52.55,62.49,77.56,21.09
341,Tingi,0,TZ,1563659069,65,-11.3,35.03,61.54,1.99
342,Nome,1,US,1563659070,66,30.04,-94.42,95.0,13.87
343,Bubaque,97,GW,1563658771,79,11.28,-15.83,79.18,2.26
344,Alta Gracia,75,AR,1563659073,64,-31.66,-64.43,72.0,16.11
345,Capoterra,0,IT,1563659074,78,39.18,8.97,77.0,6.93
346,Mayo,75,CA,1563658836,47,63.59,-135.9,75.2,9.17
347,Woodland,1,US,1563659076,45,38.68,-121.77,93.0,5.82
348,Talcahuano,90,CL,1563659077,93,-36.72,-73.12,53.6,18.34
349,Walvis Bay,0,NA,1563658772,28,-22.95,14.51,71.6,4.7
350,Senanga,0,ZM,1563659080,22,-16.1,23.3,58.12,5.99
351,Wao,31,PH,1563659081,91,7.64,124.73,67.66,2.86
352,Brisbane,20,AU,1563659082,93,-27.47,153.02,54.0,9.17
353,Tautira,20,PF,1563658688,61,-17.73,-149.15,78.8,5.82
354,Murray Bridge,0,AU,1563659084,87,-35.12,139.28,50.0,8.01
355,Stephenville,75,CA,1563659086,77,48.55,-58.59,66.2,8.05
356,Broome,33,GB,1563659011,82,52.47,1.45,64.99,6.93
357,Port Augusta,0,AU,1563658812,87,-32.49,137.76,46.0,5.82
358,Faanui,12,PF,1563659018,73,-16.48,-151.75,77.38,13.15
359,Ukiah,1,US,1563659036,39,39.15,-123.21,91.99,5.82
360,Pacasmayo,1,PE,1563659091,88,-7.4,-79.57,62.8,12.75
361,Buala,100,SB,1563659092,82,-8.15,159.59,80.08,9.26
362,Auki,5,NG,1563659034,80,12.18,6.51,74.32,9.37
363,Dali,0,CN,1563659094,69,34.79,109.94,77.38,4.99
364,Jasdan,90,IN,1563659096,10,22.04,71.2,86.0,11.03
365,Lodja,0,CD,1563659097,50,-3.52,23.6,75.04,2.51
366,Mecca,63,SA,1563659098,41,21.43,39.83,86.74,5.41
367,Yerbogachen,4,RU,1563658893,66,61.28,108.01,50.02,9.15
368,Kahului,90,US,1563658931,83,20.89,-156.47,84.2,12.75
369,Shagonar,47,RU,1563659101,71,51.54,92.92,55.24,1.79
370,Shebunino,0,RU,1563659103,100,57.66,40.04,57.2,6.71
371,Brae,98,GB,1563659104,100,60.4,-1.35,55.4,11.41
372,Santa Cruz del Sur,48,CU,1563659106,54,20.71,-78.0,90.52,11.14
373,Ifakara,0,TZ,1563659107,61,-8.13,36.68,67.3,3.31
374,Amapa,75,HN,1563659108,55,15.09,-87.97,91.4,12.75
375,Shingu,100,JP,1563658740,97,33.72,135.99,69.64,5.39
376,Karwar,99,IN,1563659110,87,14.8,74.13,79.0,15.3
377,Korem,26,ET,1563659112,70,12.51,39.52,60.82,11.79
378,Russell,1,US,1563659113,27,38.9,-98.86,102.99,16.11
379,Turukhansk,0,RU,1563659114,58,65.8,87.96,54.88,7.0
380,Tlacote el Bajo,75,MX,1563659116,34,20.66,-100.51,78.8,5.03
381,Praia da Vitoria,20,PT,1563658856,73,38.73,-27.07,77.0,14.92
382,Chapais,90,CA,1563658911,88,49.78,-74.86,64.4,4.7
383,Bar Harbor,90,US,1563658858,66,44.39,-68.2,93.0,11.41
384,Kavaratti,99,IN,1563658816,80,10.57,72.64,81.34,26.73
385,Mackay,20,CA,1563659121,56,53.65,-115.58,69.8,4.7
386,Hays,1,US,1563658925,35,38.88,-99.33,107.01,16.11
387,Moose Factory,90,CA,1563659123,82,51.26,-80.61,57.2,11.41
388,Saldanha,0,PT,1563658657,47,41.42,-6.55,72.88,7.74
389,Mbaiki,91,CF,1563659126,95,3.87,17.99,69.46,0.58
390,Berezovyy,100,RU,1563659127,98,51.67,135.7,60.1,1.41
391,Podgornoye,0,RU,1563659128,61,57.79,82.64,51.64,4.5
392,Zharkovskiy,0,RU,1563659129,96,55.85,32.27,55.6,4.29
393,Knysna,11,ZA,1563658906,65,-34.04,23.05,41.0,4.7
394,Darab,0,IR,1563659132,12,28.75,54.55,74.14,6.71
395,Vidim,0,CZ,1563659058,53,50.47,14.53,75.99,9.17
396,Pauri,0,IN,1563659134,87,30.15,78.78,71.62,4.03
397,Alibag,90,IN,1563659135,94,18.64,72.88,80.6,3.87
398,Kolyvan,40,RU,1563659136,93,55.31,82.74,55.4,4.47
399,Baie-Saint-Paul,49,CA,1563659137,57,47.44,-70.51,84.99,8.99
400,Norman Wells,75,CA,1563658616,53,65.28,-126.83,77.0,6.93
401,Karlskoga,78,SE,1563659140,60,59.33,14.52,68.0,5.82
402,Zemio,48,CF,1563659141,96,5.02,25.13,67.66,3.09
403,Obala,40,CM,1563659142,100,4.17,11.53,69.8,5.82
404,Huaicheng,88,CN,1563659143,88,23.91,112.19,78.1,0.34
405,Indiana,75,US,1563659145,63,40.62,-79.15,93.99,8.05
406,Huanuco,20,PE,1563658943,44,-9.93,-76.24,77.0,10.29
407,Marsa Matruh,0,EG,1563659147,61,31.35,27.25,78.8,8.05
408,Road Town,40,VG,1563659000,70,18.42,-64.62,86.0,6.93
409,Gornopravdinsk,50,RU,1563659149,68,60.06,69.92,64.42,2.82
410,Ladushkin,10,RU,1563659151,93,54.57,20.17,57.2,2.24
411,Sainte-Maxime,0,FR,1563659152,88,43.31,6.64,77.0,2.24
412,Moyale,0,ET,1563659153,64,3.52,39.05,70.0,4.38
413,Hearst,62,CA,1563659154,60,49.69,-83.67,71.26,8.37
414,Zahirabad,100,IN,1563659156,86,17.68,77.61,75.58,8.57
415,Tura,0,RU,1563658983,70,64.27,100.22,49.3,2.8
416,Kattivakkam,20,IN,1563659158,74,13.22,80.32,86.0,8.05
417,The Pas,75,CA,1563659048,45,53.82,-101.24,66.2,4.7
418,Half Moon Bay,90,US,1563658891,77,37.46,-122.43,81.0,8.05
419,San Joaquin,56,PH,1563659161,89,10.59,122.14,75.58,2.84
420,Atkarsk,0,RU,1563659162,88,51.88,45.01,59.74,7.23
421,Mandalgovi,100,MN,1563659163,43,45.76,106.27,68.38,14.56
422,Puerto Quijarro,20,BO,1563659165,54,-19.0,-57.72,84.2,10.29
423,Fatehabad,32,IN,1563659166,45,27.03,78.3,93.04,5.79
424,Quime,77,BO,1563659167,58,-16.98,-67.22,44.26,5.1
425,Anadyr,75,RU,1563659168,93,64.73,177.51,60.01,13.42
426,Ambilobe,99,MG,1563659169,75,-13.19,49.05,74.68,2.21
427,Igarka,0,RU,1563659885,66,67.47,86.57,56.32,7.23
428,Rio Gallegos,0,AR,1563659885,48,-51.62,-69.22,41.0,18.34
429,Bambanglipuro,100,ID,1563659888,88,-7.95,110.28,75.76,13.51
430,Hecun,85,CN,1563659889,94,29.94,119.31,71.44,0.31
431,Magaria,12,NE,1563659890,44,13.0,8.91,85.84,12.46
432,Shache,2,CN,1563659891,19,38.42,77.24,84.4,15.57
433,Cap-aux-Meules,20,CA,1563659892,77,47.38,-61.86,69.8,3.36
434,Takoradi,65,GH,1563659894,92,4.89,-1.75,74.32,4.61
435,Ranot,100,TH,1563659895,88,7.78,100.32,76.12,4.47
436,Nikel,42,NO,1563659896,87,69.41,30.21,53.6,9.17
437,Keflavik,40,IS,1563659897,67,64.0,-22.56,64.4,5.82
438,Amazar,100,RU,1563659898,98,53.86,120.88,55.6,8.14
439,Lompoc,1,US,1563659900,44,34.64,-120.46,78.8,11.41
440,Padang,100,ID,1563659901,77,-0.92,100.36,81.16,4.05
441,San Cristobal,48,HN,1563659902,44,14.68,-86.92,84.58,13.89
442,San Cosme y Damian,0,PY,1563659903,61,-27.32,-56.35,78.8,8.05
443,Moundou,68,TD,1563659905,86,8.57,16.07,72.88,3.76
444,Rock Sound,65,BS,1563659906,76,24.9,-76.2,82.96,12.97
445,Ketchikan,40,US,1563659907,63,55.34,-131.65,66.2,12.75
446,Flinders,0,AU,1563659908,65,-34.58,150.85,57.99,4.7
447,Springfield,75,US,1563659673,59,42.1,-72.59,97.0,10.29
448,Jati,0,PK,1563659910,70,24.35,68.27,83.68,12.19
449,Zhangye,100,CN,1563659912,44,38.94,100.46,67.84,12.82
450,Solnechnyy,100,RU,1563659913,98,50.72,136.64,64.06,2.53
451,Papara,75,BR,1563659914,74,-3.98,-38.73,86.0,12.75
452,Manaure,0,CO,1563659915,73,11.78,-72.45,82.6,32.19
453,Omagh,40,GB,1563659916,87,54.6,-7.3,59.0,3.36
454,Fort Nelson,40,CA,1563659918,44,58.81,-122.69,78.8,5.82
455,Shemonaikha,0,KZ,1563659919,90,50.63,81.92,60.1,3.06
456,Boa Vista,40,BR,1563659920,69,2.82,-60.67,82.4,5.82
457,Kimbe,100,PG,1563659921,91,-5.56,150.15,73.96,3.44
458,Leh,0,IN,1563659922,31,34.16,77.58,42.46,1.21
459,Kargat,0,RU,1563659924,73,55.19,80.28,55.42,7.63
460,Emerald,0,AU,1563659925,87,-23.53,148.16,51.8,6.4
461,Port Hueneme,40,US,1563659926,68,34.15,-119.2,84.99,11.41
462,Luchow,100,DE,1563659927,93,52.97,11.15,64.0,3.36
463,Janauba,97,BR,1563659929,93,-1.63,-45.47,75.76,3.78
464,Axim,93,GH,1563659930,90,4.87,-2.24,76.3,9.89
465,Pimentel,60,BR,1563659931,82,-3.7,-45.5,77.02,3.91
466,Hampton,75,US,1563659932,46,32.88,-81.13,95.0,5.82
467,Taoudenni,54,ML,1563659933,9,22.68,-3.98,108.34,14.05
468,Komsomolskiy,98,RU,1563659935,82,67.55,63.78,56.32,7.25
469,Merauke,9,ID,1563659936,76,-8.49,140.4,75.76,19.17
470,Hofn,100,IS,1563659717,98,64.25,-15.21,40.3,4.52
471,Mirnyy,6,RU,1563659938,98,56.57,36.46,57.04,7.49
472,Coahuayana,100,MX,1563659939,76,18.62,-100.35,79.36,2.1
473,Hobyo,76,SO,1563659941,73,5.35,48.53,76.66,25.19
474,Ixtapa,90,MX,1563659942,66,20.71,-105.21,88.0,6.93
475,Barra do Corda,25,BR,1563659943,49,-5.5,-45.25,83.32,4.23
476,Makakilo City,40,US,1563659944,61,21.35,-158.09,87.8,10.29
477,Cabedelo,75,BR,1563659946,83,-6.97,-34.84,77.0,4.7
478,Dakar,0,SN,1563659947,74,14.69,-17.45,78.8,8.05
479,Kununurra,72,AU,1563659948,87,-15.77,128.74,53.6,2.55
480,Topchanchi,1,IN,1563659949,81,23.9,86.2,80.8,5.99
481,Riyadh,0,SA,1563659950,15,24.63,46.72,91.4,9.17
482,The Valley,40,AI,1563659829,69,18.22,-63.06,87.8,10.29
483,Waterbury,1,US,1563659708,63,41.56,-73.05,97.0,5.82
484,Asosa,90,ET,1563659954,90,10.07,34.53,65.5,3.31
485,Senno,0,RU,1563659955,93,57.76,27.95,57.2,2.24
486,Burnie,100,AU,1563659766,80,-41.05,145.91,54.0,17.0
487,Singapore,75,MY,1563659711,94,1.29,103.85,82.4,1.12
488,Gayeri,100,BF,1563659959,62,12.65,0.49,78.1,10.58
489,Prince George,90,CA,1563659945,52,53.92,-122.75,70.0,3.36
490,Sumbe,0,AO,1563659961,84,-11.2,13.84,71.62,6.89
491,Rangapara,55,IN,1563659962,92,26.82,92.69,70.72,2.42
492,Filingue,64,NE,1563659963,45,14.35,3.32,89.44,8.59
493,Caucaia,75,BR,1563659922,74,-3.73,-38.66,86.0,12.75
494,Vila,0,IT,1563659965,73,45.18,8.4,80.01,5.82
495,Malatya,0,TR,1563659967,47,38.35,38.32,75.2,4.7
496,Gazojak,3,TM,1563659968,23,41.19,61.4,93.04,16.53
497,Ouesso,90,CG,1563659969,91,1.61,16.05,71.8,0.27
498,Chara,0,GR,1563659970,49,39.42,22.43,78.01,2.21
499,San Patricio,50,PY,1563659972,81,-26.98,-56.83,71.26,7.65
500,Kirkuk,0,IQ,1563659973,15,35.47,44.4,87.82,6.53
501,Guozhen,76,CN,1563659974,77,29.3,113.14,79.54,1.5
502,Juba,0,EE,1563659975,93,57.82,26.93,57.99,1.12
503,Manacapuru,40,BR,1563659977,52,-3.3,-60.62,87.8,12.75
504,Beipiao,100,CN,1563659978,67,41.8,120.76,73.96,8.7
505,Turmalina,30,BR,1563659979,68,-17.29,-42.73,63.88,10.67
506,Port Blair,93,IN,1563659980,82,11.67,92.75,80.98,10.69
507,Coihueco,90,CL,1563659981,87,-36.63,-71.83,55.0,17.22
508,Necochea,100,AR,1563659983,89,-38.55,-58.74,57.0,13.0
509,Collie,82,AU,1563659984,64,-33.36,116.15,57.99,9.31
510,Nelson Bay,0,AU,1563659985,93,-32.72,152.14,48.0,4.7
511,Magalia,1,US,1563659921,33,39.81,-121.58,89.6,3.36
512,Duluth,1,US,1563659868,50,46.77,-92.13,80.01,6.93
513,Nouakchott,0,MR,1563659989,78,18.08,-15.98,78.8,9.17
514,Mitu,43,IR,1563659990,45,36.2,46.09,67.66,0.89
515,Spokane,75,US,1563659991,25,47.66,-117.42,79.0,3.36
516,Nago,0,IT,1563659992,61,45.88,10.89,80.6,3.36
517,Dekar,0,BW,1563659993,15,-21.53,21.93,54.16,7.61
518,Goma,100,CD,1563659995,95,-1.67,29.23,56.68,1.52
519,Luganville,75,VU,1563659996,78,-15.51,167.18,75.2,6.93
520,Halifax,40,CA,1563659978,58,44.65,-63.58,89.01,11.41
521,Ambon,0,FR,1563659998,88,47.55,-2.56,66.0,5.82
522,Mudgee,0,AU,1563659734,92,-32.6,149.59,26.6,1.21
523,Nizhniy Baskunchak,0,RU,1563660000,41,48.22,46.83,74.86,6.24
524,Tokur,100,RU,1563660002,99,53.13,132.9,54.16,4.38
525,Willowmore,39,ZA,1563660003,82,-33.3,23.49,35.44,4.74
526,Naze,71,NG,1563660004,94,5.43,7.07,72.88,3.85
527,Chicama,0,PE,1563660008,77,-7.84,-79.15,66.2,9.17
528,Benton Harbor,90,US,1563660011,88,42.12,-86.45,95.0,12.75
529,Onega,100,RU,1563660012,84,63.91,38.09,51.28,8.3
530,Baligang,100,CN,1563660015,92,46.66,125.3,73.96,10.02
